ename,cname,title,new_type,hero_type,skin_name
"{'ename': 105, 'cname': '廉颇', 'title': '正义爆轰', 'new_type': 0, 'hero_type': 3, 'skin_name': '正义爆轰|地狱岩魂'}"
"{'ename': 106, 'cname': '小乔', 'title': '恋之微风', 'new_type': 0, 'hero_type': 2, 'skin_name': '恋之微风|万圣前夜|天鹅之梦|纯白花嫁|缤纷独角兽'}"
"{'ename': 107, 'cname': '赵云', 'title': '苍天翔龙', 'new_type': 0, 'hero_type': 1, 'hero_type2': 4, 'skin_name': '苍天翔龙|忍●炎影|未来纪元|皇家上将|嘻哈天王|白执事|引擎之心'}"
"{'ename': 108, 'cname': '墨子', 'title': '和平守望', 'new_type': 0, 'hero_type': 2, 'hero_type2': 1, 'skin_name': '和平守望|金属风暴|龙骑士|进击墨子号'}"
"{'ename': 109, 'cname': '妲己', 'title': '魅力之狐', 'pay_type': 11, 'new_type': 0, 'hero_type': 2, 'skin_name': '魅惑之狐|女仆咖啡|魅力维加斯|仙境爱丽丝|少女阿狸|热情桑巴'}"
"{'ename': 110, 'cname': '嬴政', 'title': '王者独尊', 'new_type': 0, 'hero_type': 2, 'skin_name': '王者独尊|摇滚巨星|暗夜贵公子|优雅恋人|白昼王子'}"
"{'ename': 111, 'cname': '孙尚香', 'title': '千金重弩', 'new_type': 0, 'hero_type': 5, 'skin_name': '千金重弩|火炮千金|水果甜心|蔷薇恋人|杀手不太冷|末日机甲|沉稳之力'}"
"{'ename': 112, 'cname': '鲁班七号', 'title': '机关造物', 'new_type': 0, 'hero_type': 5, 'skin_name': '机关造物|木偶奇遇记|福禄兄弟|电玩小子|星空梦想'}"
"{'ename': 113, 'cname': '庄周', 'title': '逍遥梦幻', 'pay_type': 10, 'new_type': 0, 'hero_type': 6, 'hero_type2': 3, 'skin_name': '逍遥幻梦|鲤鱼之梦|蜃楼王|云端筑梦师'}"
"{'ename': 114, 'cname': '刘禅', 'title': '暴走机关', 'new_type': 0, 'hero_type': 6, 'hero_type2': 3, 'skin_name': '暴走机关|英喵野望|绅士熊喵|天才门将'}"
"{'ename': 115, 'cname': '高渐离', 'title': '叛逆吟游', 'new_type': 0, 'hero_type': 2, 'skin_name': '叛逆吟游|金属狂潮|死亡摇滚'}"
"{'ename': 116, 'cname': '阿轲', 'title': '信念之刃', 'new_type': 0, 'hero_type': 4, 'skin_name': '信念之刃|爱心护理|暗夜猫娘|致命风华|节奏热浪'}"
"{'ename': 117, 'cname': '钟无艳', 'title': '野蛮之锤', 'new_type': 0, 'hero_type': 1, 'hero_type2': 3, 'skin_name': '野蛮之锤|生化警戒|王者之锤|海滩丽影'}"
"{'ename': 118, 'cname': '孙膑', 'title': '逆流之时', 'new_type': 0, 'hero_type': 6, 'hero_type2': 2, 'skin_name': '逆流之时|未来旅行|天使之翼|妖精王'}"
"{'ename': 119, 'cname': '扁鹊', 'title': '善恶怪医', 'new_type': 0, 'hero_type': 2, 'skin_name': '善恶怪医|救世之瞳|化身博士|炼金王'}"
"{'ename': 120, 'cname': '白起', 'title': '最终兵器', 'new_type': 0, 'hero_type': 3, 'skin_name': '最终兵器|白色死神|狰|星夜王子'}"
"{'ename': 121, 'cname': '芈月', 'title': '永恒之月', 'new_type': 0, 'hero_type': 2, 'hero_type2': 3, 'skin_name': '永恒之月|红桃皇后|大秦宣太后|重明'}"
"{'ename': 123, 'cname': '吕布', 'title': '无双之魔', 'new_type': 0, 'hero_type': 1, 'hero_type2': 3, 'skin_name': '无双之魔|圣诞狂欢|天魔缭乱|末日机甲|猎兽之王'}"
"{'ename': 124, 'cname': '周瑜', 'title': '铁血都督', 'new_type': 0, 'hero_type': 2, 'skin_name': '铁血都督|海军大将|真爱至上'}"
"{'ename': 126, 'cname': '夏侯惇', 'title': '不羁之风', 'new_type': 0, 'hero_type': 3, 'hero_type2': 1, 'skin_name': '不羁之风|战争骑士|乘风破浪|无限飓风号'}"
"{'ename': 127, 'cname': '甄姬', 'title': '洛神降临', 'new_type': 0, 'hero_type': 2, 'skin_name': '洛神降临|冰雪圆舞曲|花好人间|游园惊梦'}"
"{'ename': 128, 'cname': '曹操', 'title': '鲜血枭雄', 'new_type': 0, 'hero_type': 1, 'skin_name': '鲜血枭雄|超能战警|幽灵船长|死神来了|烛龙'}"
"{'ename': 129, 'cname': '典韦', 'title': '狂战士', 'new_type': 0, 'hero_type': 1, 'skin_name': '狂战士|黄金武士|穷奇'}"
"{'ename': 130, 'cname': '宫本武藏', 'title': '剑圣', 'new_type': 0, 'hero_type': 1, 'skin_name': '剑圣|鬼剑武藏|未来纪元|万象初新|地狱之眼|霸王丸'}"
"{'ename': 131, 'cname': '李白', 'title': '青莲剑仙', 'new_type': 0, 'hero_type': 4, 'skin_name': '青莲剑仙|范海辛|千年之狐|凤求凰|敏锐之力'}"
"{'ename': 132, 'cname': '马可波罗', 'title': '远游之枪', 'pay_type': 10, 'new_type': 0, 'hero_type': 5, 'skin_name': '远游之枪|激情绿茵|逐梦之星'}"
"{'ename': 133, 'cname': '狄仁杰', 'title': '断案大师', 'pay_type': 11, 'new_type': 0, 'hero_type': 5, 'skin_name': '断案大师|锦衣卫|魔术师|超时空战士|阴阳师'}"
"{'ename': 134, 'cname': '达摩', 'title': '拳僧', 'new_type': 0, 'hero_type': 1, 'hero_type2': 3, 'skin_name': '拳僧|大发明家|拳王'}"
"{'ename': 135, 'cname': '项羽', 'title': '霸王', 'new_type': 0, 'hero_type': 3, 'skin_name': '霸王|帝国元帅|苍穹之光|海滩派对|职棒王牌|霸王别姬|科学大爆炸'}"
"{'ename': 136, 'cname': '武则天', 'title': '女帝', 'new_type': 0, 'hero_type': 2, 'skin_name': '女帝|东方不败|海洋之心'}"
"{'ename': 139, 'cname': '老夫子', 'title': '万古长明', 'new_type': 0, 'hero_type': 1, 'skin_name': '万古长明|潮流仙人|圣诞老人|功夫老勺'}"
"{'ename': 140, 'cname': '关羽', 'title': '一骑当千', 'new_type': 0, 'hero_type': 1, 'skin_name': '一骑当千|天启骑士|冰锋战神|龙腾万里'}"
"{'ename': 141, 'cname': '貂蝉', 'title': '绝世舞姬', 'new_type': 0, 'hero_type': 2, 'hero_type2': 4, 'skin_name': '绝世舞姬|异域舞娘|圣诞恋歌|逐梦之音|仲夏夜之梦'}"
"{'ename': 142, 'cname': '安琪拉', 'title': '暗夜萝莉', 'new_type': 0, 'hero_type': 2, 'skin_name': '暗夜萝莉|玩偶对对碰|魔法小厨娘|心灵骇客|如懿'}"
"{'ename': 144, 'cname': '程咬金', 'title': '热烈之斧', 'pay_type': 10, 'new_type': 0, 'hero_type': 3, 'hero_type2': 1, 'skin_name': '热烈之斧|爱与正义|星际陆战队|华尔街大亨|功夫厨神'}"
"{'ename': 146, 'cname': '露娜', 'title': '月光之女', 'new_type': 0, 'hero_type': 1, 'hero_type2': 2, 'skin_name': '月光之女|哥特玫瑰|绯红之刃|紫霞仙子|一生所爱'}"
"{'ename': 148, 'cname': '姜子牙', 'title': '太古魔导', 'new_type': 0, 'hero_type': 2, 'skin_name': '太古魔导|时尚教父'}"
"{'ename': 149, 'cname': '刘邦', 'title': '双面君主', 'new_type': 0, 'hero_type': 3, 'skin_name': '双面君主|圣殿之光|德古拉伯爵'}"
"{'ename': 150, 'cname': '韩信', 'title': '国士无双', 'new_type': 0, 'hero_type': 4, 'skin_name': '国士无双|街头霸王|教廷特使|白龙吟|逐梦之影'}"
"{'ename': 152, 'cname': '王昭君', 'title': '冰雪之华', 'new_type': 0, 'hero_type': 2, 'skin_name': '冰雪之华|精灵公主|偶像歌手|凤凰于飞|幻想奇妙夜'}"
"{'ename': 153, 'cname': '兰陵王', 'title': '暗影刀锋', 'new_type': 0, 'hero_type': 4, 'skin_name': '暗影刀锋|隐刃|暗隐猎兽者'}"
"{'ename': 154, 'cname': '花木兰', 'title': '传说之刃', 'new_type': 0, 'hero_type': 1, 'hero_type2': 4, 'skin_name': '传说之刃|剑舞者|兔女郎|水晶猎龙者|青春决赛季|冠军飞将|瑞麟志'}"
"{'ename': 156, 'cname': '张良', 'title': '言灵之书', 'new_type': 0, 'hero_type': 2, 'skin_name': '言灵之书|天堂福音|一千零一夜|幽兰居士'}"
"{'ename': 157, 'cname': '不知火舞', 'title': '明媚烈焰', 'new_type': 0, 'hero_type': 2, 'hero_type2': 4, 'skin_name': '明媚烈焰'}"
"{'ename': 162, 'cname': '娜可露露', 'title': '鹰之守护', 'new_type': 0, 'hero_type': 4, 'skin_name': '鹰之守护'}"
"{'ename': 163, 'cname': '橘右京', 'title': '神梦一刀', 'new_type': 0, 'hero_type': 4, 'hero_type2': 1, 'skin_name': '神梦一刀'}"
"{'ename': 166, 'cname': '亚瑟', 'title': '圣骑之力', 'pay_type': 11, 'new_type': 0, 'hero_type': 1, 'hero_type2': 3, 'skin_name': '圣骑之力|死亡骑士|狮心王|心灵战警'}"
"{'ename': 167, 'cname': '孙悟空', 'title': '齐天大圣', 'new_type': 0, 'hero_type': 4, 'hero_type2': 1, 'skin_name': '齐天大圣|地狱火|西部大镖客|美猴王|至尊宝|全息碎影|大圣娶亲'}"
"{'ename': 168, 'cname': '牛魔', 'title': '精英酋长', 'new_type': 0, 'hero_type': 6, 'hero_type2': 3, 'skin_name': '精英酋长|西部大镖客|制霸全明星'}"
"{'ename': 169, 'cname': '后羿', 'title': '半神之弓', 'new_type': 0, 'hero_type': 5, 'skin_name': '半神之弓|精灵王|阿尔法小队|辉光之辰|黄金射手座'}"
"{'ename': 170, 'cname': '刘备', 'title': '仁德义枪', 'new_type': 0, 'hero_type': 1, 'skin_name': '仁德义枪|万事如意|纽约教父|汉昭烈帝'}"
"{'ename': 171, 'cname': '张飞', 'title': '禁血狂兽', 'new_type': 0, 'hero_type': 3, 'hero_type2': 6, 'skin_name': '禁血狂兽|五福同心|乱世虎臣'}"
"{'ename': 173, 'cname': '李元芳', 'title': '王都密探', 'new_type': 0, 'hero_type': 5, 'skin_name': '王都密探|特种部队|黑猫爱糖果|逐浪之夏'}"
"{'ename': 174, 'cname': '虞姬', 'title': '森之风灵', 'new_type': 0, 'hero_type': 5, 'skin_name': '森之风灵|加勒比小姐|霸王别姬|凯尔特女王'}"
"{'ename': 175, 'cname': '钟馗', 'title': '虚灵城判', 'new_type': 0, 'hero_type': 6, 'hero_type2': 2, 'skin_name': '虚灵城判|地府判官'}"
"{'ename': 177, 'cname': '成吉思汗', 'title': '苍狼末裔', 'new_type': 0, 'hero_type': 5, 'skin_name': '苍狼末裔|维京掠夺者'}"
"{'ename': 178, 'cname': '杨戬', 'title': '根源之目', 'pay_type': 10, 'new_type': 0, 'hero_type': 1, 'skin_name': '根源之目|埃及法老|永曜之星'}"
"{'ename': 183, 'cname': '雅典娜', 'title': '圣域余晖', 'new_type': 0, 'hero_type': 1, 'skin_name': '圣域余晖|战争女神|冰冠公主|神奇女侠'}"
"{'ename': 184, 'cname': '蔡文姬', 'title': '天籁弦音', 'new_type': 0, 'hero_type': 6, 'skin_name': '天籁弦音|蔷薇王座|舞动绿茵|奇迹圣诞'}"
"{'ename': 186, 'cname': '太乙真人', 'title': '炼金大师', 'new_type': 0, 'hero_type': 6, 'hero_type2': 3, 'skin_name': '炼金大师|圆桌骑士|饕餮|华丽摇滚'}"
"{'ename': 180, 'cname': '哪吒', 'title': '桀骜炎枪', 'new_type': 0, 'hero_type': 1, 'skin_name': '桀骜炎枪|三太子|逐梦之翼'}"
"{'ename': 190, 'cname': '诸葛亮', 'title': '绝代智谋', 'new_type': 0, 'hero_type': 2, 'skin_name': '绝代智谋|星航指挥官|黄金分割率|武陵仙君|掌控之力'}"
"{'ename': 192, 'cname': '黄忠', 'title': '燃魂重炮', 'new_type': 0, 'hero_type': 5, 'skin_name': '燃魂重炮|芝加哥教父'}"
"{'ename': 191, 'cname': '大乔', 'title': '沧海之曜', 'new_type': 0, 'hero_type': 6, 'skin_name': '沧海之曜|伊势巫女|守护之力|猫狗日记'}"
"{'ename': 187, 'cname': '东皇太一', 'title': '噬灭日蚀', 'new_type': 0, 'hero_type': 6, 'hero_type2': 3, 'skin_name': '噬灭日蚀|东海龙王|逐梦之光'}"
"{'ename': 182, 'cname': '干将莫邪', 'title': '淬命双剑', 'pay_type': 10, 'new_type': 0, 'hero_type': 2, 'skin_name': '淬命双剑|第七人偶|冰霜恋舞曲'}"
"{'ename': 189, 'cname': '鬼谷子', 'title': '万物有灵', 'new_type': 0, 'hero_type': 6, 'skin_name': '万物有灵|阿摩司公爵|幻乐之宴'}"
"{'ename': 193, 'cname': '铠', 'title': '破灭刃锋', 'new_type': 0, 'hero_type': 1, 'hero_type2': 3, 'skin_name': '破灭刃锋|龙域领主|曙光守护者|青龙志'}"
"{'ename': 196, 'cname': '百里守约', 'title': '静谧之眼', 'new_type': 0, 'hero_type': 5, 'hero_type2': 4, 'skin_name': '静谧之眼|绝影神枪|特工魅影|朱雀志'}"
"{'ename': 195, 'cname': '百里玄策', 'title': '嚣狂之镰', 'new_type': 0, 'hero_type': 4, 'skin_name': '嚣狂之镰|威尼斯狂欢|白虎志'}"
"{'ename': 194, 'cname': '苏烈', 'title': '不屈铁壁', 'new_type': 0, 'hero_type': 3, 'hero_type2': 6, 'skin_name': '不屈铁壁|爱与和平|坚韧之力|玄武志'}"
"{'ename': 198, 'cname': '梦奇', 'title': '入梦之灵', 'new_type': 0, 'hero_type': 1, 'hero_type2': 3, 'skin_name': '入梦之灵|美梦成真|胖达荣荣'}"
"{'ename': 179, 'cname': '女娲', 'title': '至高创世', 'new_type': 0, 'hero_type': 2, 'skin_name': '至高创世|尼罗河女神'}"
"{'ename': 501, 'cname': '明世隐', 'title': '灵魂劫卜', 'new_type': 0, 'hero_type': 6, 'skin_name': '灵魂劫卜|占星术士|虹云星官'}"
"{'ename': 199, 'cname': '公孙离', 'title': '幻舞玲珑', 'new_type': 0, 'hero_type': 5, 'skin_name': '幻舞玲珑|花间舞|蜜橘之夏'}"
"{'ename': 176, 'cname': '杨玉环', 'title': '霓裳风华', 'new_type': 0, 'hero_type': 2, 'skin_name': '风华霓裳|霓裳曲|遇见飞天'}"
"{'ename': 502, 'cname': '裴擒虎', 'title': '六合虎拳', 'new_type': 0, 'hero_type': 4, 'hero_type2': 1, 'skin_name': '六合虎拳|街头霸王|梅西'}"
"{'ename': 197, 'cname': '弈星', 'title': '天元之弈', 'new_type': 0, 'hero_type': 2, 'skin_name': '天元之弈|踏雪寻梅'}"
"{'ename': 503, 'cname': '狂铁', 'title': '战车意志', 'new_type': 0, 'hero_type': 1, 'skin_name': '战车意志|命运角斗场|御狮'}"
"{'ename': 504, 'cname': '米莱狄', 'title': '筑城者', 'new_type': 0, 'hero_type': 2, 'skin_name': '筑城者|精准探案法|御霄'}"
"{'ename': 125, 'cname': '元歌', 'title': '无间傀儡', 'new_type': 0, 'hero_type': 4, 'skin_name': '无间傀儡|午夜歌剧院'}"
"{'ename': 510, 'cname': '孙策', 'title': '光明之海', 'new_type': 0, 'hero_type': 3, 'hero_type2': 1, 'skin_name': '光明之海|海之征途|猫狗日记'}"
"{'ename': 137, 'cname': '司马懿', 'title': '寂灭之心', 'pay_type': 10, 'new_type': 0, 'hero_type': 4, 'hero_type2': 2, 'skin_name': '寂灭之心|魇语军师'}"
"{'ename': 509, 'cname': '盾山', 'title': '无尽之盾', 'new_type': 0, 'hero_type': 6, 'hero_type2': 3, 'skin_name': '无尽之盾|极冰防御线'}"
"{'ename': 508, 'cname': '伽罗', 'title': '破魔之箭', 'new_type': 0, 'hero_type': 5, 'skin_name': '破魔之箭|花见巫女'}"
"{'ename': 312, 'cname': '沈梦溪', 'title': '爆弹怪猫', 'new_type': 0, 'hero_type': 2, 'skin_name': '爆弹怪猫|棒球奇才'}"
"{'ename': 507, 'cname': '李信', 'title': '谋世之战', 'new_type': 0, 'hero_type': 1, 'skin_name': '谋世之战|灼热之刃'}"
"{'ename': 513, 'cname': '上官婉儿', 'title': '惊鸿之笔', 'new_type': 0, 'hero_type': 2, 'hero_type2': 4, 'skin_name': '惊鸿之笔|修竹墨客'}"
"{'ename': 515, 'cname': '嫦娥', 'title': '寒月公主', 'new_type': 0, 'hero_type': 2, 'hero_type2': 3, 'skin_name': '寒月公主|露花倒影'}"
"{'ename': 511, 'cname': '猪八戒', 'title': '无忧猛士', 'new_type': 0, 'hero_type': 3, 'skin_name': '无忧猛士|年年有余'}"
"{'ename': 529, 'cname': '盘古', 'title': '破晓之神', 'new_type': 0, 'hero_type': 1, 'skin_name': '破晓之神'}"
"{'ename': 505, 'cname': '瑶', 'title': '鹿灵守心', 'new_type': 0, 'hero_type': 6, 'skin_name': '森'}"
"{'ename': 506, 'cname': '云中君', 'title': '流云之翼', 'new_type': 0, 'hero_type': 4, 'hero_type2': 1, 'skin_name': '荷鲁斯之眼'}"
"{'ename': 522, 'cname': '曜', 'title': '星辰之子', 'new_type': 0, 'hero_type': 1, 'skin_name': '归虚梦演'}"
"{'ename': 518, 'cname': '马超', 'title': '冷晖之枪', 'new_type': 0, 'hero_type': 1, 'hero_type2': 4}"
"{'ename': 523, 'cname': '西施', 'title': '幻纱之灵', 'new_type': 0, 'hero_type': 2, 'skin_name': '幻纱之灵|归虚梦演'}"
"{'ename': 525, 'cname': '鲁班大师', 'title': '神匠', 'new_type': 0, 'hero_type': 6, 'skin_name': '神匠|归虚梦演'}"
"{'ename': 524, 'cname': '蒙犽', 'title': '烈炮小子', 'new_type': 0, 'hero_type': 5, 'skin_name': '烈炮小子|归虚梦演'}"
"{'ename': 531, 'cname': '镜', 'title': '破镜之刃', 'new_type': 0, 'hero_type': 4, 'skin_name': '破镜之刃|冰刃幻境'}"
"{'ename': 527, 'cname': '蒙恬', 'title': '秩序统将', 'new_type': 0, 'hero_type': 1, 'hero_type2': 3, 'skin_name': '秩序统将|秩序猎龙将'}"
"{'ename': 533, 'cname': '阿古朵', 'title': '山林之子', 'new_type': 0, 'hero_type': 3, 'skin_name': '山林之子'}"
"{'ename': 536, 'cname': '夏洛特', 'title': '玫瑰剑士', 'new_type': 0, 'hero_type': 1, 'skin_name': '玫瑰剑士'}"
"{'ename': 528, 'cname': '澜', 'title': '鲨之猎刃', 'pay_type': 10, 'new_type': 0, 'hero_type': 4, 'skin_name': '鲨之猎刃|孤猎'}"
"{'ename': 537, 'cname': '司空震', 'title': '雷霆之王', 'new_type': 0, 'hero_type': 1, 'hero_type2': 2, 'skin_name': '雷霆之王|启蛰'}"
"{'ename': 155, 'cname': '艾琳', 'title': '精灵之舞', 'new_type': 0, 'hero_type': 5, 'skin_name': '精灵之舞|女武神'}"
"{'ename': 538, 'cname': '云缨', 'title': '燎原之心', 'new_type': 0, 'hero_type': 1, 'hero_type2': 4, 'skin_name': '燎原之心|赤焰之缨'}"
"{'ename': 540, 'cname': '金蝉', 'title': '渡世行者', 'new_type': 0, 'hero_type': 2, 'hero_type2': 6, 'skin_name': '渡世行者|前尘'}"
"{'ename': 542, 'cname': '暃', 'title': '玉城之子', 'new_type': 0, 'hero_type': 4, 'skin_name': '玉城之子|碧珀绯影'}"
"{'ename': 534, 'cname': '桑启', 'title': '萤火之旅', 'new_type': 1, 'hero_type': 6, 'skin_name': '萤火之旅|画中游'}"
item_name,price,total_price,des1,des2
铁剑,150,250,<p>+20物理攻击</p>,
匕首,174,290,<p>+10%攻击速度 </p>,
搏击拳套,192,320,<p>+8%暴击率 </p>,
吸血之镰,174,290,<p>+8%物理吸血</p>,
雷鸣刃,270,450,<p>+40物理攻击</p>,
冲能拳套,330,550,<p>+15%暴击率</p> ,
风暴巨剑,546,910,<p>+80物理攻击</p> ,
日冕,444,740,<p>+20物理攻击<br>+5%冷却缩减<br>+300最大生命</p>,<p>唯一被动-残废：技能对首个命中的敌方英雄造成10%减速，持续3秒，该效果有8秒冷却时间</p>
狂暴双刃,534,890,<p>+15%攻击速度<br>+10%暴击率<br>+5%移速</p>,
陨星,648,1080,<p>+45物理攻击<br>+10%冷却缩减</p>,<p>唯一被动-切割：+60物理穿透</p>
碎星锤,1260,2100,<p>+80物理攻击<br>+10%冷却缩减</p>,<p>唯一被动-破甲：+40%物理穿透</p>
末世,1296,2160,<p>+60物理攻击<br>+30%攻击速度 <br>+10%物理吸血</p>,<p>唯一被动-破败：普通攻击附带敌人当前生命值8%的物理伤害（对野怪最多：80）</p>
名刀·司命,1056,1900,<p>+60物理攻击<br>+5%冷却缩减</p>,<p>唯一被动-暗幕：受到致命伤害时，进入短暂无敌状态并增加30%移动速度，持续1秒（远程英雄使用时用时持续时间缩短为0.5秒）冷却时间：120秒</p>
寒霜袭侵,1230,2050,<p>+600最大生命<br>+30%攻击速度</p>,<p>被动-寒霜：普攻会给目标附加寒霜效果，可叠加3层，每层减少15%攻速，持续1.5秒。该效果的冷却时间：0.2秒。<br>被动-精准：普攻伤害提升120点。</p>
速击之枪,528,880,<p>+20%攻击速度</p>,<p>唯一被动-精准：普通攻击伤害提升40点，远程英雄使用时该效果翻倍。</p>
制裁之刃,1116,1860,<p>+100物理攻击<br>+15%物理吸血<br>+500 最大生命</p>,<p>被动-回魂：自身生命低于30%时，5秒内累计回复400~610点生命，该效果有20秒的冷却时间<br>被动-重伤：造成伤害使得目标的生命恢复效果减少50%，持续1.5秒（如果该伤害由普攻触发，则持续时间延长至3秒）</p>
泣血之刃,1080,1800,<p>+100物理攻击<br>+25%物理吸血<br>+500 最大生命 </p>,<p>被动-回魂：自身生命低于30%时，5秒内累计回复400~610点生命，该效果有20秒的冷却时间</p>
无尽战刃,1284,2140,<p>+110物理攻击<br>+25%暴击率</p>,<p>唯一被动：+40%暴击效果</p>
宗师之力,1260,2100,<p>+80物理攻击<br>+20%暴击率<br>+500 最大法力<br>+500最大生命</p>,<p>唯一被动-强击：使用技能后，2秒内提升自身12%移动速度，并使得下次普通攻击造成额外0.8*物理攻击的物理伤害，冷却时间：3秒</p>
闪电匕首,1104,1840,<p>+40%攻击速度<br>+10%暴击率<br>+8%移速</p>,<p>唯一被动-电弧：普通攻击有30%几率释放连锁闪电，对目标造成（120+0.3*物理攻击）点法术伤害，这个伤害可以暴击，冷却时间：0.2秒</p>
影刃,1242,2070,<p>+40%攻击速度<br>+20%暴击率<br>+5%移速</p>,<p>唯一被动-暴风：暴击后提升自身30%攻击速度和10%移动速度，持续2秒</p>
暗影战斧,1254,2090,<p>+85物理攻击<br>+15%冷却缩减<br>+500最大生命</p>,<p>唯一被动-切割：增加(50+英雄等级*8)点护甲穿透<br>唯一被动-残废：技能对首个命中的敌方英雄造成10%减速，持续3秒，该效果有8秒冷却时间</p>
破军,1770,2950,<p>+180物理攻击 </p>,<p>唯一被动-破军：对生命值低于50%的敌人造成额外30%的伤害</p>
纯净苍穹,1338,2121,<p>+100物理攻击<br>+10%冷却缩减<br>++500最大生命</p>,<p>唯一主动-驱散：90秒CD，受到的所有伤害降低35%，持续3秒，可以在被控制时使用<br>被动-残废：技能对首个命中的敌方英雄造成30%减速，并使其对自己的伤害降低20%，持续3秒，该效果有8秒冷却时间</p>
逐日之弓,1260,2100,<p>+25%攻击速度<br>+15%暴击</p>,<p>唯一被动-精准：普通攻击伤害提升40点，远程英雄使用时该效果翻倍。<br>唯一主动-逐日：增加自己150点普攻射程和20%移动速度，持续5秒，冷却时间：60秒（增加射程效果仅远程英雄生效）</p>
破魔刀,1254,2090,<p>+90物理攻击<br>+100法术防御<br>+500最大生命</p>,<p>唯一被动-破魔：获得额外的法术防御，数值等于你的物理攻击*0.6且最多增加300点。</p>
穿云弓,660,1100,<p>+40物理攻击<br>+10%攻击速度</p>,<p>唯一被动-破甲：+10%物理穿透（远程英雄使用时效果翻倍）</p>
破晓,2040,3400,<p>+50物理攻击<br>+35%攻击速度<br>+10%暴击率</p>,<p>唯一被动-破甲：+20%物理穿透（远程英雄使用时效果翻倍）<br>唯一被动：普通攻击伤害提升50点（远程英雄使用时效果翻倍）</p>
咒术典籍,180,300,<p>+40法术攻击</p> ,
蓝宝石,132,220,<p>+300最大法力</p>,
炼金护符,72,120,<p>+10 每5秒回蓝</p> ,
圣者法典,240,400,<p>+30法术攻击<br>+4%冷却缩减</p>,
元素杖,324,540,<p>+80法术攻击</p> ,
大棒,492,820,<p>+120法术攻击</p>,
破碎圣杯,540,900,<p>+60法术攻击<br>+8%冷却缩减<br>+20 每5秒回蓝</p>,
光辉之剑,438,730,<p>+400最大生命<br>+400最大法力</p> ,<p>唯一被动-强击：使用技能后，5秒内的下一次普通攻击附加50%物理攻击（+30%法术加成）的法术伤害，这个效果有3秒的冷却时间</p>
进化水晶,432,720,<p>+400最大法力<br>+400最大生命</p>,<p>唯一被动-英勇奖赏：升级后在3秒内回复20%生命与法力值</p>
血族之书,744,1240,<p>+75法术攻击<br>+10%冷却缩减</p>,<p>唯一被动-嗜血：增加20%法术吸血</p>
炽热支配者,1170,1950,<p>+200法术攻击<br>+600最大法力<br>+15 每5秒回蓝</p>,<p>唯一被动-法力护盾：血量低于30%时立即解除自身控制，同时获得一个吸收（500+1.5*法术攻击）伤害的护盾，护盾持续期间提升30%移动速度，持续4秒，冷却时间：90秒</p>
梦魇之牙,1230,2050,<p>+240法术攻击<br>+5%移速<br>+5%冷却缩减</p>,<p>唯一被动-重伤：造成伤害使得目标的生命恢复效果减少50%，持续1.5秒（如果该伤害由普攻触发，则持续时间延长至3秒）</p>
虚无法杖,1266,2110,<p>+240法术攻击<br>+500最大生命值</p>,<p>唯一被动：+45%法术穿透</p>
博学者之怒,1380,2300,<p>+240法术攻击</p>,<p>唯一被动-毁灭：法术攻击提升30%</p>
辉月,1194,1990,<p>+160法术攻击<br>+10%冷却缩减</p>,<p>唯一主动-月之守护：90秒CD，免疫所有效果，不能移动、攻击和使用技能，持续1.5秒</p>
回响之杖,1260,2100,<p>+240法术攻击 <br>+7%移速 </p>,<p>唯一被动-回响：技能命中会触发小范围爆炸造成120（+40%法术加成）法术伤害，这个效果有5秒CD。</p>
凝冰之息,1260,2100,+160法术攻击<br>+5%冷却缩减<br>+600最大生命</p>,被动-凝冰：英雄技能造成伤害会附带20%的减速效果，持续2秒<br>被动-冻伤：技能对移速受损(低于人物初始移速)的目标额外造成120~400法术伤害，该效果有5秒冷却时间</p>
痛苦面具,1224,2040,<p>+120法术攻击<br>+5%冷却缩减<br>+800最大生命</p>,<p>被动-折磨： 目标在3秒内受到4次3%当前生命的法术伤害，对野怪每次最多造成200点伤害，冷却时间：2秒<br>(注：即每0.75秒受到一次伤害)
巫术法杖,1272,2120,<p>+180法术攻击<br>+500最大生命<br>+500最大法力<br>+8%移速</p>,<p>唯一被动-强击：使用技能后，5秒内下一次普通攻击附加30%物理攻击（+70%法术加成）的法术伤害，这个效果有3秒冷却时间</p>
圣杯,1080,1800,<p>+180法术攻击<br>+15%冷却缩减<br>+25每5秒回蓝</p>,<p>唯一被动-法力源泉：每秒回复1%法力值，如果法力值已满，每秒回复1%生命值</p>
时之预言,1254,2090,<p>+140法术攻击<br>+500最大法力<br>+800最大生命</p>,<p>唯一被动-英勇奖赏：升级后在3秒内回复20%生命值与法力值<br>唯一被动-守护： 获得额外的物理和法术防御，数值等于你的法术攻击*0.4，且最多不超过250点。</p>
贤者之书,1794,2990,<p>+400法术攻击<br>+10%冷却缩减</p>,<p>唯一被动-刻印：技能或普攻命中敌方英雄后，接下来8秒内每秒叠加1层刻印效果，每层提升2%自身造成的伤害，最多可叠8层<br>（注：刻印效果仅随时间叠加，与命中频率、伤害频率无关，重复命中可以刷新持续时间）</p>
噬神之书,1254,2090,<p>+180法术攻击<br>+10%冷却缩减<br>+1000最大生命</p>,<p>唯一被动-嗜血：增加25%法术吸血</p>
红玛瑙,180,300,<p>+300最大生命</p>,
布甲,132,220,<p>+90物理防御</p>,
抗魔披风,132,220,<p>+90法术防御</p>,
提神水晶,84,140,<p>+30 每5秒回复</p>,
力量腰带,540,900,<p>+1000最大生命</p>,
熔炼之心,540,900,<p>+700最大生命</p>,<p>唯一被动-业炎：每秒对身边300范围内的敌人造成1%最大生命的法术伤害，对小兵额外造成100%伤害</p>
神隐斗篷,612,1020,<p>+120法术防御<br>+700最大生命<br>+50每5秒回血</p>,
雪山圆盾,540,900,<p>+10%减CD<br>+400最大法力<br>+110物理防御</p>,
守护者之铠,438,730,<p>+210物理防御</p>,<p>唯一被动-寒铁：受到攻击会减少攻击者15%攻击速度，持续3秒</p>
近卫荣耀,1140,1900,<p>+8%移动速度<br>+1200最大生命</p>,<p>光环-守护：提升周围800范围友方50~120物理和法术防御。<br>被动-游击：与队友分配野怪和小兵收益时，不参与分配，单独获得30%金币和经验，游击效果持续10分钟后会被移除(队伍多人出游走装时，只有经济最低的出装者生效)。<br>被动-恩赐：经济为队伍4/5名时，每3秒获得5点金币和经验，每30秒获得1层恩赐效果，最多20层，加金币和经验的效果在12分钟时移除(多人出游走装时，只有经济最低的出装者生效)。<br>被动-强化：每层恩赐增加30最大生命和6物理防御。</p>
奔狼纹章,1140,1900,<p>+8%移动速度<br>+1200最大生命</p>,<p>主动-奔腾号令：给自己和周围友军增加移速，3秒内会递增50%+260%移速，一共持续5秒，受到英雄攻击或敌方英雄攻击则效果消失，冷却时间：120秒。所有同CD辅助装备的主动技能均为全队共享冷却时间。<br>被动-游击：与队友分配野怪和小兵收益时，不参与分配，单独获得30%金币和经验，游击效果持续10分钟后会被移除(队伍多人出游走装时，只有经济最低的出装者生效)。<br>被动-恩赐：经济为队伍4/5名时，每3秒获得5点金币和经验，每30秒获得1层恩赐效果，最多20层，加金币和经验的效果在12分钟时移除(多人出游走装时，只有经济最低的出装者生效)。<br>被动-增益：每层恩赐增加4物理攻击和6法术攻击。</p>
反伤刺甲,1104,1910,<p>+30物理攻击<br>+400物理防御</p>,<p>唯一被动-荆棘：受到物理伤害时，会将伤害量的25%以法术伤害的形式回敬给对方。自身每20点物理防御属性提升1%该伤害（最多+100%）。攻击者距离越远，这个伤害越低，最多在距离800时衰减至70%。<br>唯一被动-反刺：2秒内受到物理伤害超过1000+10%最大生命时，在自身周围发出刺击，对附近目标造成8%最大生命的法术伤害。该效果的冷却时间：3秒。</p>
血魔之怒,1272,2120,<p>+40物理攻击<br>+1200最大生命</p>,<p>唯一主动-血怒：逐渐扣除30%当前生命值，逐渐获得40%最大生命值的护盾，并增加80点物理攻击，持续4秒。<br>冷却时间：60秒<br>被动-狂怒：普攻额外造成(4%额外生命)物理伤害，当自己生命低于50%时，该伤害提升100%。</p>
红莲斗篷,1098,1830,<p>+240物理防御<br>+1000最大生命</p>,<p>唯一被动-业炎：每秒对身边300范围内的敌人造成使用者最大生命值2%的法术伤害，对小兵额外造成100%伤害</p>
霸者重装,1242,2070,<p>+2000最大生命<br>+100每5秒回血</p>,<p>唯一被动-复苏：脱离战斗后每秒回复3%最大生命值</p>
冰霜冲击,1260,2100,<p>+240物理防御<br>+1000最大生命</p>,<p>主动-冲击：对500范围内敌人造成0.5秒晕眩，随后附带1秒50%减速。若目标移速或攻速受损，则晕眩时间分别延长0.25秒。<br>被动-冰甲：当自身受到除压制外的硬控后，获得(12%最大生命)护盾，持续5秒，该效果有15秒冷却时间。</p>
不祥征兆,1308,2180,<p>+270物理防御<br>+1200最大生命</p>,<p>唯一被动-寒铁：受到攻击会减少攻击者30%攻击速度与15%移动速度，持续3秒</p>
不死鸟之眼,1260,2100,<p>+100每5秒回血<br>+240法术防御<br>+1200最大生命</p>,<p>唯一被动-血统：每损失10%生命值，受到的所有治疗效果会额外增加6%。</p>
魔女斗篷,1272,2080,<p>+200法术防御<br>+1000最大生命<br>+100每5秒回血</p>,<p>唯一被动-迷雾：脱战后立即获得一个吸收（100+英雄等级*100）点法术伤害的护盾<br>被动-御魔：获得8~120点法术防御</p>
极寒风暴,1260,2100,<p>+20%冷却缩减<br>+500最大法力<br>+360物理防御</p>,<p>唯一被动-冰心：受到单次伤害超过当前生命值10%时触发寒冰冲击，对周围敌人造成（50+英雄等级*10）点法术伤害并降低其30%攻击和移动速度，持续2秒，这个效果有2秒内置CD</p>
冰痕之握,1260,2100,<p>+500最大生命<br>+500最大法力<br>+10%冷却缩减<br>+240物理防御<br>+40物理攻击</p>,<p>唯一被动-强击：使用技能后，5秒内的下一次普攻造成范围30%减速（远程英雄使用时减速效果衰减为10%）与（140+英雄等级*20）点物理伤害，这个效果有1.2秒的冷却时间</p>
贤者的庇护,1260,2100,<p>+140物理防御<br>+140法术防御</p>,<p>唯一被动-复生：死亡后2秒原地复活，并获得（2000+英雄等级*100）点生命值，冷却时间：150秒。这个效果每局游戏只能触发2次</p>
暴烈之甲,1170,1950,<p>+220物理防御<br>+900最大生命<br>+5%移速<br>+30物理攻击</p>,<p>唯一被动-无畏：每次受到伤害后，自身造成的所有伤害提升2%并增加2%的移速，这个效果最高可以叠加5层，最多提升10%的伤害输出和10%移速，持续3秒</p>
神速之靴,150,250,<p>唯一被动：+30移动速度</p>,<p>所有鞋类装备的移速加成效果不叠加</p>
影忍之足,426,710,<p>+110物理防御</p>,<p>唯一被动：+60移动速度（所有鞋类装备的移速加成效果不叠加）<br>唯一被动：减少15%受到普通攻击的伤害</p>
抵抗之靴,426,710,<p>+110法术防御</p>,<p>唯一被动：+60移动速度（所有鞋类装备的移速加成效果不叠加）<br>唯一被动：+35%韧性</p>
冷静之靴,426,710,<p>+15%减CD</p>,<p>唯一被动-静谧：所有英雄技能的冷却恢复速度加快3%~10%（随英雄等级成长）这个效果对剩余冷却时间小于5秒的技能不会生效。<br>唯一被动：+60移动速度（所有鞋类装备的移速加成效果不叠加）</p>
秘法之靴,426,710,<p>+25 每5秒回蓝</p>,<p>唯一被动：+60移动速度（所有鞋类装备的移速加成效果不叠加）<br>唯一被动-法术精通：获得(45+英雄等级*5)点法术穿透</p>
急速战靴,426,710,<p>+25%攻速</p>,<p>唯一被动：+60移动速度（所有鞋类装备的移速加成效果不叠加）</p>
疾步之靴,318,530,<p>唯一被动-神行：脱离战斗后增加60移动速度<br>唯一被动：+60移动速度（所有鞋类装备的移速加成效果不叠加）</p>,
狩猎宽刃,150,250,<p>（打野刀升级后将惩戒技能替换为寒冰惩戒：寒冰惩戒可对英雄使用，造成伤害和减速效果）<br>必须携带惩击才可够买</p>,<p>被动-狩猎：增加50%对野怪的伤害，自己击杀或700范围内友方击杀野怪时，自己会额外获得20%经验<br>被动-游击：附近有队友时，队友获得小兵的全额收益，自己获得50%金币和经验</p>
游击弯刀,450,750,<p>必须携带惩击才可够买，获得寒冰惩击效果</p>,<p>被动-狩猎：增加50%对野怪的伤害，自己击杀或700范围内友方击杀野怪时，自己会额外获得20%经验<br>唯一被动-奖赏：自己击杀或500范围内友方击杀野怪增加自身6点法术攻击，最多叠加20层<br>被动-回响：技能命中后，之后在地面留下2秒范围持续爆炸，共造成(200+10%法术攻击)法术伤害，该效果冷却时间为5秒<br>被动-游击：附近有队友时，队友获得小兵的全额收益，自己获得50%金币和经验</p>
巡守利斧,450,750,<p>唯一被动-燎火：技能或普攻对命中的敌方英雄造成每秒(30+2%额外生命)法术伤害，并减少其40点移速，持续3秒，该效果有10秒冷却时间。远程英雄使用时伤害和减速效果减半。<br>前4分钟对兵线伤害降低25%，无视敌方野区保护</p>,<p>被动-狩猎：击杀野怪额外获得30%经验和20%金币。普攻/技能命中后，野怪每0.5秒受到110~530点真实伤害，持续2秒。<br>被动-游击：附近有队友时，队友获得小兵的全额收益，自己获得50%金币和经验<br>被动-奖赏：击败/助攻可分别获得2层/1层奖赏效果，每层会增加自身30点最大生命，效果最多叠加20层。</p>
追击刀锋,450,750,<p>必须携带惩击才可够买，获得寒冰惩击效果</p>,<p>被动-狩猎：增加50%对野怪的伤害，自己击杀或700范围内友方击杀野怪时，自己会额外获得20%经验<br>唯一被动-奖赏：自己击杀或500范围内友方击杀野怪增加自身2点物理攻击和0.5%冷却缩减，最多叠加20层<br>被动-游击：附近有队友时，队友获得小兵的全额收益，自己获得50%金币和经验</p>
符文大剑,1296,2160,<p>+80法术攻击<br>+5%冷却缩减<br>+7%移速</p>,<p>唯一被动-强击：使用技能后，5秒内的下一次普通攻击附加50+0.5*法术攻击的法术伤害，冷却时间：2秒<br>唯一被动-打野：增加60%对野怪的伤害，自己击杀或500范围内友方击杀野怪时，自己会额外获得30%经验和20%金币<br>唯一被动-奖赏：自己击杀或500范围内友方击杀野怪增加自身6点法术攻击，最多叠加30层<br>被动-回响：技能命中后触发范围爆炸，造成(150+25%法术攻击)法术伤害，之后在地面留下2秒范围持续爆炸，共造成(200+10%法术攻击)法术伤害，该效果冷却时间为5秒</p>
巨人之握,1080,1800,<p>+800最大生命<br>前4分钟对兵线伤害降低25%，无视敌方野区保护</p>,<p>唯一被动-燎火：技能或普攻对命中的敌方英雄造成每秒(100+5%额外生命)法术伤害，并减少其40点移速，持续3秒，该效果有10秒冷却时间。远程英雄使用时伤害和减速效果减半。<br>被动-狩猎：击杀野怪额外获得30%经验和20%金币。普攻/技能命中后，野怪每0.5秒受到150~710点真实伤害，持续2秒。<br>唯一被动-奖赏：击败/助攻可分别获得2层/1层奖赏效果，每层会增加自身60点最大生命，效果最多叠加20层。</p>
贪婪之噬,1296,2160,<p>+60物理攻击<br>+8%移速</p>,<p>唯一被动-打野：增加60%对野怪的伤害（仅近战英雄生效），自己击杀或500范围内友方击杀野怪时，自己会额外获得30%经验和20%金币<br>唯一被动-奖赏：自己击杀或500范围内友方击杀野怪增加自身2点物理攻击和0.5%冷却缩减，最多叠加30层<br>被动-锋利：增加30~100点物理穿透</p>
鼓舞之盾,540,900,<p>+5%移动速度<br>+500最大生命</p>,<p>光环-守护：提升周围800范围友方32~60物理和法术防御。<br>被动-游击：与队友分配野怪和小兵收益时，不参与分配，单独获得30%金币和经验，游击效果持续10分钟后会被移除(队伍多人出游走装时，只有经济最低的出装者生效)。<br>被动-恩赐：经济为队伍4/5名时，每3秒获得5点金币和经验，每30秒获得1层恩赐效果，最多20层，加金币和经验的效果在12分钟时移除(多人出游走装时，只有经济最低的出装者生效)<br>被动-强化：每层恩赐增加15最大生命和3物理防御。</p>
风灵纹章,660,1100,<p>+5%移动速度<br>+500最大生命</p>,<p>主动-奔腾号令：给自己和周围友军增加移速，3秒内会递增30%+156%移速，一共持续5秒，受到英雄攻击或敌方英雄攻击则效果消失，冷却时间：120秒。所有同CD辅助装备的主动技能均为全队共享冷却时间。<br>被动-游击：与队友分配野怪和小兵收益时，不参与分配，单独获得30%金币和经验，游击效果持续10分钟后会被移除(队伍多人出游走装时，只有经济最低的出装者生效)。<br>被动-恩赐：经济为队伍4/5名时，每3秒获得5点金币和经验，每30秒获得1层恩赐效果，最多20层，加金币和经验的效果在12分钟时移除(多人出游走装时，只有经济最低的出装者生效)。<br>被动-增益：每层恩赐增加2物理攻击和3法术攻击。</p>
救赎之翼,1140,1900,<p>+8%移动速度<br>+1200最大生命</p>,<p>主动-救援：立即为800范围内友方英雄提供一个吸收680~1800伤害的护盾，持续3秒，冷却时间：60秒。所有同CD辅助装备的主动技能均为全队共享冷却时间。<br>被动-游击：与队友分配野怪和小兵收益时，不参与分配，单独获得30%金币和经验，游击效果持续10分钟后会被移除(队伍多人出游走装时，只有经济最低的出装者生效)。<br>被动-恩赐：经济为队伍4/5名时，每3秒获得5点金币和经验，每30秒获得1层恩赐效果，最多20层，加金币和经验的效果在12分钟时移除(多人出游走装时，只有经济最低的出装者生效)。<br>被动-增益：每层恩赐增加30最大生命。</p>
风之轻语,660,1100,<p>+5%移速<br>+500最大生命</p>,<p>主动-救援：立即为800范围内友方英雄提供一个吸收440~1000伤害的护盾，持续3秒，冷却时间：60秒。所有同CD辅助装备的主动技能均为全队共享冷却时间。<br>被动-游击：与队友分配野怪和小兵收益时，不参与分配，单独获得30%金币和经验，游击效果持续10分钟后会被移除(队伍多人出游走装时，只有经济最低的出装者生效)。<br>被动-恩赐：经济为队伍4/5名时，每3秒获得5点金币和经验，每30秒获得1层恩赐效果，最多20层，加金币和经验的效果在12分钟时移除(多人出游走装时，只有经济最低的出装者生效)。<br>被动-增益：每层恩赐增加15最大生命。</p>
极影,1140,1900,<p>+8%移动速度<br>+1200最大生命</p>,<p>光环-迅捷：增加800范围友方20%攻速和10%冷却缩减，多个游走光环无法同时生效。<br>被动-游击：与队友分配野怪和小兵收益时，不参与分配，单独获得30%金币和经验，游击效果持续10分钟后会被移除(队伍多人出游走装时，只有经济最低的出装者生效)。<br>被动-恩赐：经济为队伍4/5名时，每3秒获得5点金币和经验，每30秒获得1层恩赐效果，最多20层，加金币和经验的效果在12分钟时移除(多人出游走装时，只有经济最低的出装者生效)。<br>被动-强化：每层恩赐增加5物理攻击和8法术攻击</p>
星泉,1140,1900,<p>+1200最大生命<br>+8%移动速度</p>,<p>主动-星芒：与范围内的一名友方英雄(默认为生命值最低)建立链接，增加其30%免伤并分摊其50%所受伤害，持续2秒，链接在超过一定范围后会断开。冷却时间：60秒。<br>被动-游击：与队友分配野怪和小兵收益时，不参与分配，单独获得30%金币和经验，游击效果持续10分钟后会被移除(队伍多人出游走装时，只有经济最低的出装者生效)。<br>被动-恩赐：经济为队伍4/5名时，每3秒获得5点金币和经验，每30秒获得1层恩赐效果，最多20层，加金币和经验的效果在12分钟时移除(多人出游走装时，只有经济最低的出装者生效)。<br>被动-增益：每层恩赐增加30最大生命。</p>
星之佩饰,660,1100,<p>+500最大生命<br>+5%移动速度</p>,<p>主动-星芒：与范围内的一名友方英雄(默认为生命值最低)建立链接，增加其15%免伤并分摊其50%所受伤害，持续2秒，链接在超过一定范围后会断开。冷却时间：60秒。<br>被动-游击：与队友分配野怪和小兵收益时，不参与分配，单独获得30%金币和经验，游击效果持续10分钟后会被移除(队伍多人出游走装时，只有经济最低的出装者生效)。<br>被动-恩赐：经济为队伍4/5名时，每3秒获得5点金币和经验，每30秒获得1层恩赐效果，最多20层，加金币和经验的效果在12分钟时移除(多人出游走装时，只有经济最低的出装者生效)。<br>被动-增益：每层恩赐增加15最大生命。</p>
凤鸣指环,540,900,<p>+5%移动速度<br>+500最大生命</p>,<p>光环-迅捷：提升周围800范围友军10%攻击速度和5%冷却缩减。<br>被动-游击：与队友分配野怪和小兵收益时，不参与分配，单独获得30%金币和经验，游击效果持续10分钟后会被移除(队伍多人出游走装时，只有经济最低的出装者生效)。<br>被动-恩赐：经济为队伍4/5名时，每3秒获得5点金币和经验，每30秒获得1层恩赐效果，最多20层，加金币和经验的效果在12分钟时移除(多人出游走装时，只有经济最低的出装者生效)。<br>被动-强化：每层恩赐增加2物理攻击和4法术攻击。</p>
学识宝石,180,300,<p>+5%移动速度</p>,<p>被动-游击：与队友分配野怪和小兵收益时，不参与分配，单独获得30%金币和经验，游击效果持续12分钟后会被移除(队伍多人出游走装时，只有经济最低的出装者生效)。<br>唯一被动-恩赐：经济为队伍4/5名时，每3秒获得4点金币和经验，每30秒获得1层恩赐效果，最多20层，加金币和经验的效果在12分钟时移除(多人出游走装时，只有经济最低的出装者生效)。</p>
日暮之流,1272,2120,<p>+200法术攻击<br>+300最大生命<br>+10%冷却缩减</p>,<p>被动-日暮时分：对英雄造成伤害会获得14~28点法术穿透，持续4秒，该效果可叠加10层。</p>
金色圣剑,1242,2070,<p>+160法术攻击<br>+20%攻击速度<br>+5%移动速度</p>,<p>唯一被动-圣剑：普攻命中敌人会获得10%攻速，持续5秒，最多可叠加两层；叠满后，普攻会额外附带(0.3*法术攻击)点法术伤害，该伤害冷却时间：0.2秒。<br>唯一被动-精准：普通攻击伤害提升60点，远程英雄使用时该效果翻倍。</p>
弃鳞短刃,150,250,<p>必须携带惩击才可购买<br>前4分钟对兵线伤害降低25%，无视敌方野区保护</p>,<p>唯一被动-狩猎：击杀野怪提升20%经验。普攻或技能命中野怪时附带灼烧，每0.5秒造成100~380点真实伤害，持续2秒。<br>唯一被动-游击：当你周围有队友时，小兵死亡后队友会获得小兵提供的全额收益，你会获得50%金币和经验。多个【游击】效果共存时，只有经济最低者的【游击】生效。<br>被动-奖赏：普攻/技能命中敌方英雄后，每0.5秒造成一次真实伤害，持续2秒。伤害量由奖赏层数决定，每层可提升1点真实伤害，击败/助攻可分别获得2层/1层奖赏效果，效果最多叠加20层。</p>
龙鳞利剑,450,750,<p>+8%移动速度<br>前4分钟对兵线伤害降低25%，无视敌方野区保护</p>,<p>被动-狩猎：击杀野怪提升30%经验，获得20%金币。对野怪造成伤害时附带2秒灼烧效果。每0.5秒对野怪造成110~530点真实伤害。<br>被动-奖赏：普攻/技能命中敌方英雄后，每0.5秒造成一次真实伤害，持续2秒。伤害量由奖赏层数决定，每层可提升2点真实伤害，击败/助攻可分别获得2层/1层奖赏效果，效果最多叠加20层。<br>唯一被动-游击：当你周围有队友时，小兵死亡后队友会获得小兵提供的全额收益，你会获得50%金币和经验。多个【游击】效果共存时，只有经济最低者的【游击】生效。</p>
浴火之怒,1248,2080,<p>+120物理防御<br>+120法术防御<br>+10%移动速度<br>前4分钟对兵线伤害降低25%，无视敌方野区保护</p>,<p>被动-狩猎：击杀野怪提升30%经验，获得20%金币。对野怪造成伤害时附带2秒灼烧效果。每0.5秒对野怪造成150~710点真实伤害。<br>唯一被动-共赢：拔除【游击】【赏金】效果。<br>被动-奖赏：普攻/技能命中敌方英雄后，每0.5秒造成一次真实伤害，持续2秒。伤害量由奖赏层数决定，每层可提升5点真实伤害，击败/助攻可分别获得2层/1层奖赏效果，效果最多叠加20层。</p>
荆棘护手,426,710,<p>+160物理防御<br>+30物理攻击</p>,
永夜守护,1266,2110,<p>+360法术防御<br>+1000最大生命</p>,<p>被动-守护：在3秒内受到超过30%最大生命的伤害时，会在接下来的3秒内累计回复320(+8%最大生命)点生命，冷却时间：7秒</p>
暗夜小甲,426,710,<p>+180法术防御</p>,<p>唯一被动-守护：在3秒内受到超过40%最大生命的伤害时，会在接下来的3秒内累计回复60(+6%最大生命)点生命，冷却时间：7秒</p>
原初遗珠,750,1250,<p>+140物理防御<br>+140法术防御</p>,<p>贤者的庇护虽已损坏，但其能量内核在原初之息的浸染下拥有了强化装备的效果(20分钟后开放购买)</p>
怒魂,2022,3370,<p>+40物理攻击<br>+1000最大生命</p>,<p>主动-血怒：逐渐扣除30%当前生命，逐渐获得累计(50%最大生命)护盾，并增加80物理攻击，持续4秒。在此期间对周围敌人每秒造成(8%额外生命)法术伤害。<br>被动-狂怒：普攻额外造成(4%额外生命)物理伤害，当自己生命低于50%时，该伤害提升100%。
凛冬,2010,3350,<p>+240物理防御<br>+1000最大生命</p>,<p>主动-冲击：对600范围内敌人造成0.5秒冰冻，随后附带1秒90%减速。若目标移速或攻速受损，则冰冻时间分别延长0.5秒。<br>被动-冰甲：当自身受到除压制外的硬控后，获得(12%最大生命)护盾，持续5秒，该效果有15秒冷却时间。</p>
日渊,2010,3350,<p>+25%攻击速度<br>+15%暴击率</p>,<p>被动-精准：普攻伤害提升40点，远程英雄使用时该效果翻倍<br>主动-逐日：开启后增加自己150点普攻射程和40%移速，期间普攻会向目标附近的1个目标造成30%额外伤害，持续5秒，冷却时间：60秒</p>
天穹,2022,3370,<p>+100物理攻击<br>+10%冷却缩减<br>+500最大生命</p>,<p>主动-驱散：解除所有控制，自身获得40%减伤，增加30%移速并无视地形阻挡，持续3秒。如果期间击杀敌方英雄，则会刷新效果持续时间。冷却时间：90秒<br>被动-残废：技能对首个命中的敌方英雄造成30%减速，并使其对自己的伤害降低20%，持续3秒，该效果有8秒冷却时间</p>
月神,1944,3240,<p>+160法术攻击<br>+10%冷却缩减</p>,<p>主动-月之守护：免疫所有效果，不能移动、攻击和使用技能，持续1.5秒，随后在2秒内增加60%持续衰减的移速，并累计回复(1000+100%法术攻击)生命。</p>
魔道之石,534,890,<p>+90法术攻击</p>,<p>被动-法力波：技能命中后额外造成200点法术伤害，冷却时间5秒。</p>
云灵木,582,970,<p>+70法术攻击<br>+300最大生命</p>,<p>被动-破法：增加40点法术穿透</p>
出影晶石,660,1100,<p>+500最大生命<br>+5%移动速度</p>,<p>主动-见影：对1200范围内的敌方英雄每0.5秒造成当前生命2%的法术伤害和30%减速，持续2秒。该技能可暴露英雄在草丛中的视野。冷却时间：60秒，如果效果没有命中目标，则返还40%冷却时间<br>被动-游击：与队友分配野怪和小兵收益时，不参与分配，单独获得30%金币和经验，游击效果持续10分钟后会被移除(队伍多人出游走装时，只有经济最低的出装者生效)<br>被动-恩赐：经济为队伍4/5名时，每3秒获得5点金币和经验，每30秒获得1层恩赐效果，最多20层，加金币和经验的效果在12分钟时移除(多人出游走装时，只有经济最低的出装者生效)<br>被动-增益：每层恩赐增加2物理攻击和3法术攻击</p>
形昭之鉴,1140,1900,<p>+1200生命<br>+8%移动速度</p>,<p>主动-见影：对1200范围内的敌方英雄每0.5秒造成当前生命6%的法术伤害和50%减速，持续2秒。该技能可暴露英雄在草丛中的视野。冷却时间：60秒，如果效果没有命中目标，则返还70%冷却时间<br>被动-游击：与队友分配野怪和小兵收益时，不参与分配，单独获得30%金币和经验，游击效果持续10分钟后会被移除(队伍多人出游走装时，只有经济最低的出装者生效)<br>被动-恩赐：经济为队伍4/5名时，每3秒获得5点金币和经验，每30秒获得1层恩赐效果，最多20层，加金币和经验的效果在12分钟时移除(多人出游走装时，只有经济最低的出装者生效)<br>被动-增益：每层恩赐增加4物理攻击和6法术攻击</p>
迅捷长矛,180,300,<p>+10物理攻击<br>+4%冷却缩减</p>,
破茧之衣,1296,2160,<p>+160 法术攻击<br>+1000 最大生命</p>,<p>被动-法力折射：1000范围内，距离攻击者越近，所受伤害越低，最多减少5%所受伤害。每100法术攻击可提升1.5%减伤比例，最多将减伤比例提升至20%。</p>
血魂刃,498,830,<p>+30物理攻击<br>+10%物理吸血</p>,<p>被动-回魂：自身生命低于30%时，5秒内累计回复400~610点生命，该效果有20秒的冷却时间</p>
summoner_name,summoner_rank,summoner_description
惩击,LV.1解锁,30秒CD：对身边的野怪和小兵造成真实伤害并眩晕1秒
终结,LV.3解锁,90秒CD：立即对身边敌军英雄造成其已损失生命值14%的真实伤害
狂暴,LV.5解锁,60秒CD：使用期间增加10%伤害、增加15%韧性、20%的物理吸血和法术吸血，持续7秒
疾跑,LV.7解锁,90秒CD：增加30%移动速度持续10秒，开启时移除自身的减速效果，且疾跑期间减少50%受到的减速效果，脱战时额外增加20%的移速
治疗术,LV.9解锁,120秒CD：回复自己与附近队友15%生命值，提高附近友军移动速度15%持续2秒
干扰,LV.11解锁,60秒CD：对敌方机关使用，沉默机关持续3~6秒（随游戏时长而变化，4分钟以后为4.5秒，10分钟后为6秒）；对己方机关使用，使己方机关免疫所有伤害4秒，同时攻击速度提升100%；60秒内叠加效果只有1秒的有效时间
晕眩,LV.13解锁,90秒CD：晕眩身边所有敌人0.75秒，并附带持续1秒的减速效果
净化,LV.15解锁,120秒CD：解除自身所有负面和控制效果并免疫控制持续1.5秒
弱化,LV.17解锁,90秒CD：减少身边敌人伤害输出25%，并增加自身20%的免伤率，持续4秒
闪现,LV.19解锁,120秒CD：向指定方向位移一段距离
item_name,price,total_price,des1,des2
item_name,price,total_price,des1,des2
item_name,price,total_price,des1,des2
item_name,price,total_price,des1,des2
summoner_name,price,total_price,des1,des2
item_name,price,total_price,des1,des2
item_name,price,total_price,des1,des2
summoner_name,price,total_price,des1,des2
item_name,price,total_price,des1,des2
item_name,price,total_price,des1,des2
item_name,price,total_price,des1,des2
item_name,price,total_price,des1,des2
item_name,price,total_price,des1,des2
item_name,price,total_price,des1,des2
item_name,price,total_price,des1,des2
item_name,price,total_price,des1,des2
item_name,price,total_price,des1,des2
